词,拼音,俄语释义,配图
爱,ài,любить,否
飞机,fēijī,самолёт,是
里,lǐ,"в, внутри (послелог)",否
八,bā,восемь,否
分钟,fēnzhōng,минута,否
六,liù,шесть,否
爸爸,bàba,папа,是
高兴,gāoxìng,"радостный, довольный",否
妈妈,māma,мама,是
杯子,bēizi,"стакан, чашка",是
个,gè,(универсальное счётное слово),否
吗,ma,(вопросительная частица),否
北京,Běijīng,Пекин,是
工作,gōngzuò,работать; работа,是
买,mǎi,покупать,是
本,běn,(счётное слово для книг),否
狗,gǒu,собака,是
猫,māo,кошка,是
不,bù,"не, нет",否
汉语,Hànyǔ,китайский язык,否
没关系,méi guānxi,"ничего страшного, не за что",否
不客气,bú kèqi,"не стоит благодарности, не за что",否
好,hǎo,"хороший, хорошо",否
没有,méiyǒu,"не иметь, нет; не (о прошедшем)",否
菜,cài,блюдо; овощи,是
号,hào,"число (даты), номер",否
米饭,mǐfàn,варёный рис,是
茶,chá,чай,是
喝,hē,пить,是
名字,míngzi,имя,否
吃,chī,"есть, кушать",是
和,hé,"и, с",否
明天,míngtiān,завтра,否
出租车,chūzūchē,такси,是
很,hěn,очень,否
哪,nǎ,"какой, который",否
打电话,dǎ diànhuà,звонить по телефону,是
后面,hòumiàn,"сзади, позади",否
哪儿,nǎr,"где, куда",否
大,dà,большой,否
回,huí,возвращаться,否
那,nà,"тот, то",否
的,de,(структурная частица),否
会,huì,"уметь, мочь; будет",否
呢,ne,(частица: а...?; продолжение действия),否
点,diǎn,точка; час (времени); немного,否
几,jǐ,сколько (до 10); несколько,否
能,néng,"мочь, можно",否
电脑,diànnǎo,компьютер,是
家,jiā,"дом, семья",是
你,nǐ,"ты, вы",否
电视,diànshì,телевизор; телевидение,是
叫,jiào,"звать, называться",否
年,nián,год,否
电影,diànyǐng,"фильм, кино",是
今天,jīntiān,сегодня,否
女儿,nǚ'ér,дочь,是
东西,dōngxi,"вещь, предмет",否
九,jiǔ,девять,否
朋友,péngyou,"друг, друзья",是
都,dōu,"все, оба",否
开,kāi,открывать(ся); вести (машину),否
漂亮,piàoliang,красивый,否
读,dú,читать (вслух); учиться,是
看,kàn,"смотреть, читать",否
苹果,píngguǒ,яблоко,是
对不起,duìbuqǐ,"извините, простите",否
看见,kànjiàn,"увидеть, видеть",否
七,qī,семь,否
多,duō,много; насколько,否
块,kuài,юань; кусок,否
前面,qiánmiàn,"спереди, впереди",否
多少,duōshao,сколько,否
来,lái,"приходить, приезжать",否
钱,qián,деньги,是
儿子,érzi,сын,是
老师,lǎoshī,"учитель, преподаватель",是
请,qǐng,просить; приглашать; пожалуйста,否
二,èr,два,否
了,le,(видовая/модальная частица),否
去,qù,"идти, ехать (туда)",否
饭店,fàndiàn,ресторан; отель,是
冷,lěng,холодный,是
热,rè,"горячий, жаркий",是
人,rén,"человек, люди",是
天气,tiānqì,погода,是
学校,xuéxiào,школа,是
认识,rènshi,"знать, быть знакомым; познакомиться",否
听,tīng,слушать,是
一,yī,один,否
三,sān,три,否
同学,tóngxué,"одноклассник, однокурсник",是
一点儿,yìdiǎnr,"немного, чуть-чуть",否
商店,shāngdiàn,магазин,是
喂,wèi,алло; эй,否
衣服,yīfu,одежда,是
上,shàng,наверху; подниматься; идти (на...),否
我,wǒ,я,否
医生,yīshēng,врач,是
上午,shàngwǔ,утро (до полудня),否
我们,wǒmen,мы,否
医院,yīyuàn,больница,是
少,shǎo,"мало, немного",否
五,wǔ,пять,否
椅子,yǐzi,стул,是
谁,shéi,кто (также читается shuí),否
喜欢,xǐhuan,"нравиться, любить",否
有,yǒu,"иметь, быть (есть)",否
什么,shénme,"что, какой",否
下,xià,внизу; спускаться; (о дожде) идти,否
月,yuè,месяц; луна,是
十,shí,десять,否
下午,xiàwǔ,время после полудня,否
再见,zàijiàn,до свидания,否
时候,shíhou,"время, момент",否
下雨,xià yǔ,идёт дождь,是
在,zài,"находиться; в, на",否
是,shì,"быть, являться (глагол-связка)",否
先生,xiānsheng,"господин, мистер; муж",是
怎么,zěnme,"как, каким образом",否
书,shū,книга,是
现在,xiànzài,"сейчас, теперь",否
怎么样,zěnmeyàng,"как, каково",否
水,shuǐ,вода,是
想,xiǎng,думать; хотеть; скучать,否
这,zhè,"это, этот",否
水果,shuǐguǒ,фрукты,是
小,xiǎo,маленький,否
中国,Zhōngguó,Китай,是
睡觉,shuìjiào,"спать, ложиться спать",是
小姐,xiǎojiě,"барышня, мисс",否
中午,zhōngwǔ,полдень,否
说,shuō,"говорить, сказать",是
些,xiē,"несколько, некоторые",否
住,zhù,"жить, проживать; останавливаться",否
四,sì,четыре,否
写,xiě,писать (иероглифы),是
桌子,zhuōzi,стол,是
岁,suì,"год, лет (о возрасте)",否
谢谢,xièxie,спасибо,否
字,zì,иероглиф,是
他,tā,он,否
星期,xīngqī,неделя,否
昨天,zuótiān,вчера,否
她,tā,она,否
学生,xuésheng,"ученик, студент",是
坐,zuò,сидеть; садиться; ехать (на транспорте),是
太,tài,слишком,否
学习,xuéxí,"учиться, изучать; учёба",是
做,zuò,"делать, заниматься",否
吧,ba,"(модальная частица: предположение, совет)",否
高,gāo,высокий,是
可以,kěyǐ,"можно, мочь",否
白,bái,белый,是
告诉,gàosu,"сказать, сообщить, рассказать",否
课,kè,"урок, занятие; курс",否
百,bǎi,сто,否
哥哥,gēge,старший брат,是
快,kuài,"быстрый, быстро; скоро",是
帮助,bāngzhù,помогать; помощь,是
给,gěi,"давать; для, (к)ому",是
快乐,kuàilè,"счастливый, радостный",否
报纸,bàozhǐ,газета,是
公共汽车,gōnggòng qìchē,автобус,是
累,lèi,уставший,是
比,bǐ,чем (при сравнении); сравнивать,否
公司,gōngsī,"компания, фирма",是
离,lí,"от, на расстоянии от",否
别,bié,"не надо, не (запрет)",否
贵,guì,дорогой,否
两,liǎng,"два, пара, оба",否
宾馆,bīnguǎn,гостиница,是
过,guo,(видовая частица опыта),否
零,líng,ноль,否
长,cháng,длинный,是
还,hái,"ещё, тоже, всё ещё",否
路,lù,"дорога, путь",是
唱歌,chàng gē,петь (песни),是
孩子,háizi,"ребёнок, дети",是
旅游,lǚyóu,путешествовать; туризм,是
出,chū,выходить,否
好吃,hǎochī,вкусный,是
卖,mài,продавать,是
穿,chuān,"надевать, носить (одежду)",是
黑,hēi,чёрный,是
慢,màn,медленный,是
次,cì,раз,否
红,hóng,красный,是
忙,máng,"занятой, хлопотливый",否
从,cóng,"с, от, из",否
火车站,huǒchēzhàn,железнодорожный вокзал,是
每,měi,каждый,否
错,cuò,"ошибочный, неверный; ошибка",否
机场,jīchǎng,аэропорт,是
妹妹,mèimei,младшая сестра,是
打篮球,dǎ lánqiú,играть в баскетбол,是
鸡蛋,jīdàn,(куриное) яйцо,是
门,mén,дверь,是
大家,dàjiā,"все, всяк",否
件,jiàn,"(счётное слово для одежды, дел)",否
面条儿,miàntiáor,лапша,是
到,dào,"прибывать, достигать; до",否
教室,jiàoshì,"класс, аудитория",是
男,nán,мужской; мужчина,是
得,de,(структурная частица степени),否
姐姐,jiějie,старшая сестра,是
您,nín,Вы (вежливое),否
等,děng,ждать,是
介绍,jièshào,"представлять, знакомить",否
牛奶,niúnǎi,молоко,是
弟弟,dìdi,младший брат,是
进,jìn,входить,否
女,nǚ,женский; женщина,是
第一,dì-yī,первый,否
近,jìn,близкий,否
旁边,pángbiān,"рядом, сбоку",否
懂,dǒng,понимать,否
就,jiù,"как раз, только, сразу",否
跑步,pǎobù,"бегать, бег",是
对,duì,"правильный, верный",否
觉得,juéde,"чувствовать, считать, полагать",否
便宜,piányi,дешёвый,否
对,duì,"к, по отношению к",否
咖啡,kāfēi,кофе,是
票,piào,билет,是
房间,fángjiān,комната,是
开始,kāishǐ,начинать(ся); начало,否
妻子,qīzi,жена,是
非常,fēicháng,"очень, чрезвычайно",否
考试,kǎoshì,сдавать экзамен; экзамен,是
起床,qǐchuáng,вставать (с кровати),是
服务员,fúwùyuán,"официант, обслуживающий персонал",是
可能,kěnéng,"возможно, может быть",否
千,qiān,тысяча,否
铅笔,qiānbǐ,карандаш,是
玩,wán,"играть, развлекаться",是
一下,yīxià,(кратковременность действия),否
晴,qíng,"ясный, солнечный (о погоде)",是
晚上,wǎnshang,вечер,是
已经,yǐjing,уже,否
去年,qùnián,прошлый год,否
往,wǎng,"в сторону, по направлению к",否
意思,yìsi,"значение, смысл",否
让,ràng,"позволять, просить, заставлять",否
为什么,wèishénme,"почему, зачем",否
因为……所以……,yīnwèi…… suǒyǐ……,потому что... поэтому...,否
日,rì,день; солнце,否
问,wèn,спрашивать,是
阴,yīn,пасмурный,是
上班,shàngbān,"идти на работу, работать",是
问题,wèntí,"вопрос, проблема",否
游泳,yóuyǒng,плавать,是
身体,shēntǐ,тело; здоровье,是
西瓜,xīguā,арбуз,是
右边,yòubian,"справа, правая сторона",否
生病,shēngbìng,"заболеть, болеть",是
希望,xīwàng,надеяться; надежда,否
鱼,yú,рыба,是
生日,shēngrì,день рождения,是
洗,xǐ,"мыть, стирать",是
远,yuǎn,далёкий,否
时间,shíjiān,время,否
小时,xiǎoshí,час,否
运动,yùndòng,заниматься спортом; спорт,是
事情,shìqing,"дело, событие",否
笑,xiào,"смеяться, улыбаться",是
再,zài,"снова, ещё раз",否
手表,shǒubiǎo,наручные часы,是
新,xīn,новый,否
早上,zǎoshang,утро (раннее),是
手机,shǒujī,мобильный телефон,是
姓,xìng,носить фамилию; фамилия,否
丈夫,zhàngfu,муж,是
说话,shuōhuà,"говорить, разговаривать",是
休息,xiūxi,отдыхать; отдых,是
找,zhǎo,искать,否
送,sòng,дарить; провожать; доставлять,是
雪,xuě,снег,是
着,zhe,(видовая частица длительности),否
虽然……但是……,suīrán…… dànshì……,хотя... но...,否
颜色,yánsè,цвет,是
真,zhēn,настоящий; действительно,否
它,tā,оно,否
眼睛,yǎnjing,"глаз, глаза",是
正在,zhèngzài,(прямо) сейчас (длительное действие),否
踢足球,tī zúqiú,играть в футбол,是
羊肉,yángròu,баранина,是
知道,zhīdào,знать,否
题,tí,"задача, вопрос (в тесте)",否
药,yào,лекарство,是
准备,zhǔnbèi,"готовиться, подготовить",否
跳舞,tiàowǔ,танцевать,是
要,yào,хотеть; нужно; собираться,否
走,zǒu,"идти, ходить; уходить",是
外,wài,"снаружи, вне",否
也,yě,"тоже, также",否
最,zuì,самый,否
完,wán,заканчивать(ся),否
一起,yìqǐ,вместе,否
左边,zuǒbian,"слева, левая сторона",否
